,cluster_id,file_name,label
0,other,d9ffc8d1468a43018122e24c708a9dcf.jpg,25
1,other,1aacbb7ce9854c6db19e0abdfd799f00.jpg,25
2,3b9ba5ab3fce43c2bca84ee29e77c203,5bb9229d33de4698aa63a0790bfcdfa1.jpg,4
3,other,d7723655bde04215bfaa8abd98f22d4a.jpg,25
4,other,9b8e38aab64a479fa46e454a5acd6e5f.jpg,25
5,other,ce1dfb288c4a4ee0a44ab4e0d3c4d46e.jpg,25
6,other,f01dbed5540e47fd9b7e8201382c509c.jpg,25
7,other,a09e973023674ec3a9eb16bc4843090e.jpg,25
8,other,850a7cf29ff1434bbed9ebbb946ef3a0.jpg,25
9,8d1c755d31a6484686c4a98ad45ab0e7,9b3690fd53d243deb54d07c8a303fa28.jpg,14
10,other,53bd182a2b32475d8f29aa5cc5eddaef.jpg,25
11,other,0b6de8576e994c36b98029e6e78d4382.jpg,25
12,other,49d6a21d097d46efa986375babcc609e.jpg,25
13,d6367566a1dc445b87600b8c98ea5402,7fa12003f1de4952a03239d9f054cda7.jpg,21
14,23db675a000249498062844cdb31b76f,2c3ec0ea9f1946aea163545b3613f9c1.jpg,1
15,other,685fad9d288d4d1ea6a4b9bd6a1e6d94.jpg,25
16,other,c573272dd5de47c3a835f5dd724cd6a1.jpg,25
17,other,13c41b0ff5b344709046f4093e8ae89f.jpg,25
18,96ebf9d10efa4804a5580f4d55e64d38,a2936a38e46a483a9635ae2b67e828a8.jpg,15
19,other,6628f829078c41bf9a953a84f76ba3ab.jpg,25
20,other,cb83e775e3c7439c92b7be714bea0bf4.jpg,25
21,other,dae07bc234e4402fa6fde3ae6ce5603c.jpg,25
22,325cdb0bf6694d879a0f3518178feb60,de371ed707a642029a56b5364c1bbc55.jpg,2
23,8d1c755d31a6484686c4a98ad45ab0e7,ab0bdca65eb1479083edabe80feda22a.jpg,14
24,other,0768baf9daeb4c6e983dcd91d72c52ef.jpg,25
25,other,bb5d28fe970b479e9b992115dea771e5.jpg,25
26,other,725975cac5854a9aa842dc1b7f857613.jpg,25
27,other,954b4f1110c444ea84d5a478c6126353.jpg,25
28,552656baa25848009b9eff3dfbedd15c,2c7bf2e813a14169981c1dcb2b9b2730.jpg,8
29,other,f6bb725ae17c4768988e67dacaffb8b1.jpg,25
30,other,457110a96362417e8d048c07068f1ffb.jpg,25
31,other,02ad2e7b1e9244f08e18338d09edcc1f.jpg,25
32,other,126e5de7b3b940f1b445244867f52ae8.jpg,25
33,8d1c755d31a6484686c4a98ad45ab0e7,416e1a696a6a48c2b5976e34e650f408.jpg,14
34,other,7be8b9e895864f98a3e5759c0278c7ca.jpg,25
35,other,780f9056841d46c4855346d2b41c3271.jpg,25
36,other,2a790b1181a44028a18f5b7c257b39a4.jpg,25
37,other,55b733b87fb046329396febab90628ac.jpg,25
38,23db675a000249498062844cdb31b76f,eb84334ce4b347a294172c15f1df5537.jpg,1
39,other,3c0af1d671f542a784e823d7e031743e.jpg,25
40,other,a523cd3e015c47a2ab22276d90a1a3d8.jpg,25
41,other,3d80a8efc6f540dbaab2bcd96001691b.jpg,25
42,other,967ccb9a6c574efc880dd159123fac88.jpg,25
43,other,b823310d14ca485b82696320db557505.jpg,25
44,other,84f04f2d634e4271b77f24f54c832ffb.jpg,25
45,other,492a4a2f1eb249cbb0819a065e8a8658.jpg,25
46,499c8686053d47ca8395c4f5b7780bd0,f0ca1711d6e04148a250cde9849665c4.jpg,7
47,other,9f8a34f76c334dd7802b6bca8660b924.jpg,25
48,other,03f42b99b69f4cd7a3bc75a18bb0f805.jpg,25
49,other,f5576038a1fa47ee95943e39d8090599.jpg,25
50,334b17efee804bfd82bb4189c3331ddb,b46d0850ae334f198cdb6d39c61ae939.jpg,3
51,other,45ce02430a3e43f084dcfa0f51920e6b.jpg,25
52,other,c71d4b99246a464d87a19b6f34af731c.jpg,25
53,334b17efee804bfd82bb4189c3331ddb,f253dab885824dbca2cdb3cc340bd5e1.jpg,3
54,other,b7a174aecd824048806dd81796fa9c78.jpg,25
55,other,cbcb6f24f2a54f9594bec30c3c7164f6.jpg,25
56,325cdb0bf6694d879a0f3518178feb60,b2c942c30b404d0a9b87de7aae929bfe.jpg,2
57,other,13906360168b4bb2a4bf6c385c5c1e83.jpg,25
58,other,1eec91c1ab8b4498a83afd88e65519dd.jpg,25
59,499c8686053d47ca8395c4f5b7780bd0,32a9bcc813ee4d53a956e45fb826841c.jpg,7
60,other,6b906b7c7047408784b490c01becca29.jpg,25
61,8d1c755d31a6484686c4a98ad45ab0e7,35ec194293284b65950c35f24af5ce09.jpg,14
62,other,3147dccecba64202a59c289eac565ed8.jpg,25
63,other,30ddef80e7cc48cbbe1f6a3dd66d445c.jpg,25
64,68b0cc47f2034ec98a3db6bf8b9df8e5,3ecffd88a3f346bfbce604f1ca83908d.jpg,10
65,403446096ccf434f9e096b8291c40ac9,ade5d97a65d84dd28978a2931f85afab.jpg,5
66,325cdb0bf6694d879a0f3518178feb60,c085f113ec4d4f5c9866459bd4017660.jpg,2
67,726df8d4f65f4855849925746d01f0ae,df7f3bf0138640efa8660738658d3bd3.jpg,12
68,other,bcb8c4e4d8424c6aaf32c294fbf3bbae.jpg,25
69,other,8413402c52d743049f24c48d9c12e391.jpg,25
70,9fdbdc45cb7b4e53b0efaab769f7e224,de08b89f641542fca5d74e8b50d1a47e.jpg,18
71,other,25fe440184fe4b4fb5474e39da9de214.jpg,25
72,other,ab3a2d616ecf4586b6df8be30a539dfe.jpg,25
73,other,87464a6632d3421da9ea1ce73650908c.jpg,25
74,499c8686053d47ca8395c4f5b7780bd0,5b965e62b702422f8c47df9652bbc3ce.jpg,7
75,other,1939b948b494413aaa4bfa420ab83216.jpg,25
76,d94c01292d6f4fc19873234ccd85f091,b2fa8e60789a460ab7cd4fcd0cbb4e02.jpg,22
77,325cdb0bf6694d879a0f3518178feb60,a5824186b8b747dc978adcdb96d676b4.jpg,2
78,other,a138e8cf48f7411cb0e58459b7ce81cd.jpg,25
79,160dfcfe3c4e4623a3e9c360da87891c,0dcae8780b024146892df5539a8cc34c.jpg,0
80,other,93a8adee86de4e0ea31693ea04babddb.jpg,25
81,d6367566a1dc445b87600b8c98ea5402,d52ff71faa304171b3c882ef19b01ad3.jpg,21
82,other,f6ecc96f9d3548f083f13548df9ee475.jpg,25
83,other,8f17ac2b07114a838e3461fff31afdec.jpg,25
84,other,0cc0005b0e17464c83776c83f70982ba.jpg,25
85,other,0e86182675714a39bc86580ed21d33f3.jpg,25
86,670eb7df1cf54be09e18bc13496a50f1,a5fec2f3fd534a2894c2fff66b4f3013.jpg,9
87,other,5b5e008349894c6ea180563e466071a2.jpg,25
88,other,f86b54a1a0a045e9a160c61fd416ff46.jpg,25
89,7bde72d406024ec0b7e72ca9e1edb311,d9221aba328749fc80be9419055bdfbc.jpg,13
90,9fdbdc45cb7b4e53b0efaab769f7e224,d133cb172ad9404691c0fbde76f11736.jpg,18
91,499c8686053d47ca8395c4f5b7780bd0,f11ae7bcf314492cad1b8391ce37c220.jpg,7
92,other,7e0865158b9d42499b5067960642086f.jpg,25
93,f75f7082d62a44e7bfd373532877c9a6,3ff353c05bac49cb9b9a5f3514b78ff1.jpg,24
94,other,d125aa184bf049c589cf6a70a158d0e8.jpg,25
95,other,39037e532e6342c2b830befe8bc47092.jpg,25
96,other,d03a25cd2ece4f1ebf95366a59000cc1.jpg,25
97,other,800dbd2d55d94ca6be6c9ff39f0e11ab.jpg,25
98,other,d7546b9544f341cea7cfc2d83c67a8b9.jpg,25
99,other,fcf4fdf441ca4ca8ae9fb04daa721cb7.jpg,25
100,726df8d4f65f4855849925746d01f0ae,ab6619ca758f4a40a01657095c6c1fbd.jpg,12
101,8d1c755d31a6484686c4a98ad45ab0e7,4c4f013dedda478cbc078aee123a902e.jpg,14
102,other,072c32973c58450f800511996de5df17.jpg,25
103,other,b325cf6b081f484e8e4ba6273b53aa76.jpg,25
104,other,adb0f9773fad427b80c7c05e89d6798e.jpg,25
105,427ee587bd854410ada20b619b186f2b,68beae77e19040598395edc7a47f6590.jpg,6
106,other,590e0fa9daf848748ad133ace54e3d5f.jpg,25
107,other,c3de405dd2b2402f9a3e7384f8c03d16.jpg,25
108,other,2cd31edbc53344e69d6a6e205744bfba.jpg,25
109,other,b8a89f6a1d454690b6075b0b790ed550.jpg,25
110,other,d8b3cc5cf4994c989bc3ffedbb930b6e.jpg,25
111,other,1eb68f0f2fd44964853deaecea35970e.jpg,25
112,other,7e00f0ae81154b058d2168c6884114de.jpg,25
113,other,b85f3a173b66428c9479f748bffac6b4.jpg,25
114,other,3fbbe92c99604335a897e73fac031788.jpg,25
115,other,0c8a2b78073d4977884367cf745df753.jpg,25
116,8d1c755d31a6484686c4a98ad45ab0e7,a93c52f53d814ee6855df4e1330479f7.jpg,14
117,160dfcfe3c4e4623a3e9c360da87891c,4196e0234078471995e200ec45309cc5.jpg,0
118,403446096ccf434f9e096b8291c40ac9,8449831bf6be4c7789bddbb0e98f71de.jpg,5
119,other,85f1ff34081c4e629bdbf492ab745838.jpg,25
120,726df8d4f65f4855849925746d01f0ae,ee0b94143f564e949ab7e05ed3926d30.jpg,12
121,other,ac197f8b864642419e3966812e0654e7.jpg,25
122,8d1c755d31a6484686c4a98ad45ab0e7,9dce9fadab9f48a490bfffc07c8729b2.jpg,14
123,other,87fe67450d6348f69f373a8c5a6fc375.jpg,25
124,other,9f0cad8098014920922eea863ac7ee45.jpg,25
125,other,156499159eb2454993069e9514fda8a6.jpg,25
126,other,94165f543111405d891e2bb2060999ff.jpg,25
127,other,53dd4f2d101f4fd0ad5f5e9eb6e3ab08.jpg,25
128,other,be6b856f9f1b4c14bd0ac8e06633253d.jpg,25
129,3b9ba5ab3fce43c2bca84ee29e77c203,796652ded5b242f9bf9b7138e88bb396.jpg,4
130,334b17efee804bfd82bb4189c3331ddb,b7e8ac91ff6449cfb6e013ca4140f482.jpg,3
131,afd68eec35824484b63a730ee8a19bef,8b9d02b6838640d09ba841ab8a946118.jpg,20
132,other,5203feece3234ba1abf087065fe14f9c.jpg,25
133,499c8686053d47ca8395c4f5b7780bd0,2fe8ca424dbf49aca448461c936cd6c8.jpg,7
134,other,ad7af732d4ad486eb3e109cf4f232535.jpg,25
135,other,fadebe95a10b44e2b5cec0dcf712abcf.jpg,25
136,other,f0b016f60c6742c0932270bed0c2bff5.jpg,25
137,other,9f80eb96fc264235b710b1ea76dd9464.jpg,25
138,other,b02e3b95d1be48ddbc738cfe58480d39.jpg,25
139,68b0cc47f2034ec98a3db6bf8b9df8e5,cdfb7c260f7945d1b1e7cca4a7488283.jpg,10
140,other,4877ab6870c74b43804d9b88af65c823.jpg,25
141,other,e67bd75c54ad4ecf9d7024db5c1edd5d.jpg,25
142,other,cf1c51fcb0b34dfea3c2bd5b0c50a1bc.jpg,25
143,d94c01292d6f4fc19873234ccd85f091,b8a0cdb1ceb24c3a850fd5ec463ba5f0.jpg,22
144,68b0cc47f2034ec98a3db6bf8b9df8e5,4a67725367004a8b80b6c7862acc2ee2.jpg,10
145,afd68eec35824484b63a730ee8a19bef,724d06f43d374571bf823f15416ad25e.jpg,20
146,other,ead79824119a498a98b1952687851dc4.jpg,25
147,9e3d20f8c75f4dbea6085c514c4afb48,52fb39013aff459ab54ef470bff88382.jpg,17
148,other,ac29b429d5bf4bdf8da9d717bbc44b26.jpg,25
149,403446096ccf434f9e096b8291c40ac9,27d5cb242e9e4688af860079587acbc7.jpg,5
150,499c8686053d47ca8395c4f5b7780bd0,ae8ca297de06434980c789a51504d54d.jpg,7
151,other,9436473ef62547a6be828c4e389d9953.jpg,25
152,7bde72d406024ec0b7e72ca9e1edb311,bcfb5041b62f4a8aaaab926d65977e87.jpg,13
153,other,39aee28cd49d48b28dc3088cc57211b6.jpg,25
154,other,cb53f19cc6ad43008b4490c8096ae0e6.jpg,25
155,other,dcb9e3982b814ed9b169d4b0616de5a3.jpg,25
156,68b0cc47f2034ec98a3db6bf8b9df8e5,38b3c2f7f0c347fb9cf1570f513a5528.jpg,10
157,other,df302b1ff9734806a46fc6163a5f6d30.jpg,25
158,other,70e5e9f2b8fe4acf9a1c1425f66f406d.jpg,25
159,other,95c343a9ccb84122b30f5821d4b730ec.jpg,25
160,670eb7df1cf54be09e18bc13496a50f1,e1660e57470241a78d6d4cc0727a2d54.jpg,9
161,other,a190856d9838469d9eace199281107db.jpg,25
162,499c8686053d47ca8395c4f5b7780bd0,29e1ef84dbc7439e92dbe7f1f246aa9b.jpg,7
163,other,a518fea843b8466f8d221328096c8327.jpg,25
164,other,0218d624e1604cd5b56a960b2049b6be.jpg,25
165,6b9c4d2192c74d82bbe02d52c5b1e007,97a33237f84742da82820195ff9fc058.jpg,11
166,other,3ed3ffb1affa459dbe83a058029eb681.jpg,25
167,other,2b4352031f69406fbd9819d1d764a214.jpg,25
168,other,8ad1ac68a72e4596b8fbaccd0a896539.jpg,25
169,403446096ccf434f9e096b8291c40ac9,a18ccd4af3be4a2ea6775e1dfa5d1ccc.jpg,5
170,other,90ee0ccf13774ae28cf31cdca7796bd9.jpg,25
171,other,6ef6228dccd54412a67481d63518a77e.jpg,25
172,other,e1f8ec15e3024b27851ef649af9dcd1e.jpg,25
173,other,eac54a48e5c744718b775c8dc7b7d152.jpg,25
174,23db675a000249498062844cdb31b76f,dec482a334994d389489287f16b40749.jpg,1
175,d9d0792cefa74c55bdef834be6d34653,2e94ee87ea784b2dacf483136e55ac04.jpg,23
176,other,7b3e5271c2264faf96a83ccccd2e121a.jpg,25
177,68b0cc47f2034ec98a3db6bf8b9df8e5,6647d2b1facd469293136419466d39b8.jpg,10
178,other,0345f8314467495e99c8a7bf9a009d4e.jpg,25
179,403446096ccf434f9e096b8291c40ac9,f606495f1535449eaa2a19257c02c82f.jpg,5
180,other,d053cf35379f4bdc9d08b9e90261eb98.jpg,25
181,other,e44b8ae816c541d18dc7c0958c615768.jpg,25
182,other,e9164bd6fbdf4c1c9aeb756ff9e7b26a.jpg,25
183,other,5385e3ccf2df4fd4bbe0efc2ed225aad.jpg,25
184,other,c57169e338654f0b9a1f29568ea4c399.jpg,25
185,other,a106d64d193746ba93727f0a5d47d601.jpg,25
186,other,b6f27dec8a1d48b5821fcd25f517e910.jpg,25
187,other,f79ab3ee74e1470a80339250ec3dafe1.jpg,25
188,3b9ba5ab3fce43c2bca84ee29e77c203,7a46ac132c19478da783921a3b999e28.jpg,4
189,other,a95585829f774dad8e2214f11119ee1d.jpg,25
190,499c8686053d47ca8395c4f5b7780bd0,dcba617d75be44df944c96cf637d8de0.jpg,7
191,other,626ca228a0564af8b06f4043e08f4d9c.jpg,25
192,other,6dc2bb372b3e4c24b1a5db2e48afabdb.jpg,25
193,other,867bb0a2273f43df91f4d028225073cd.jpg,25
194,other,b22bca1baff94f13bfa779e314796da3.jpg,25
195,other,bff72fc1d7334e729c0cd593711def07.jpg,25
196,other,fa2d42d306674927a787e0955d0f12b5.jpg,25
197,other,05488f7bbf6d4c5fa16ff0031eaeab2f.jpg,25
198,other,e5e0bcf001f64adabd6af4ae120c8c8c.jpg,25
199,other,e0522e82c89e4e69ab5847978dee6c3e.jpg,25
200,427ee587bd854410ada20b619b186f2b,59689c1668e741ac9e70861003edf583.jpg,6
201,other,5f6f3d97e4234020b293c1ec6695c428.jpg,25
202,other,daef32108dba4af6959c807c60ea7525.jpg,25
203,other,f322ae9174a94dcf8cfdc6b5a3ed11d9.jpg,25
204,670eb7df1cf54be09e18bc13496a50f1,8089c2093a414f1799dc5badd5f6c699.jpg,9
205,other,424ff498b79f4b8b875a8383c4d2bf89.jpg,25
206,other,e980077b888e4e91ab2df92f37c223d0.jpg,25
207,160dfcfe3c4e4623a3e9c360da87891c,d6f132f587754c158b5748878c8c9940.jpg,0
208,96ebf9d10efa4804a5580f4d55e64d38,b4c0c278723a4f1985efcdcaadb5137b.jpg,15
209,other,e559970288654552baace2357ecf816b.jpg,25
210,d94c01292d6f4fc19873234ccd85f091,f8438fc024a34b1c877b62f3c04e9c71.jpg,22
211,other,828e0b05cbbf414390e703f62f6688c1.jpg,25
212,6b9c4d2192c74d82bbe02d52c5b1e007,96138a216fa949058a7819cddc675093.jpg,11
213,68b0cc47f2034ec98a3db6bf8b9df8e5,0c2e9fc2025b4bcbaf46237b281a395a.jpg,10
214,other,7be2f6e58ece4e22b79d3af48d4d9cfc.jpg,25
215,other,969809a7f80646a1a5b34c325585f88b.jpg,25
216,other,ead22588a6a94d8b865f35b3dbb8bd5b.jpg,25
217,726df8d4f65f4855849925746d01f0ae,fadabe316419494d969e8815e13a909b.jpg,12
218,other,5eb1bb673545409f96c5e0258b9f218d.jpg,25
219,other,89af6020d40e4ca2a9a442dfe055858f.jpg,25
220,427ee587bd854410ada20b619b186f2b,bb80792b6fc8401fb8aa8768cc5a6809.jpg,6
221,other,267bfc8a3d7a4062b8c344adaf5da845.jpg,25
222,other,ad04f84258a346efa949178649f6b65d.jpg,25
223,other,7a00dd24168d45679f2a88d3f46f32a9.jpg,25
224,other,1c3a07ed92a84205a2940ee9aa838895.jpg,25
225,other,91a5a0ba34a849c2bf4ce7a5d2d65248.jpg,25
226,other,888c667274444aedacbb9ced877a24fd.jpg,25
227,other,2a9f961f48b441a584bb2d0c95c96ac5.jpg,25
228,other,b8099d5b5b8e44479e8d03840f3f90e7.jpg,25
229,23db675a000249498062844cdb31b76f,8a07e2c8a6f141e9892feb8a7b7288bd.jpg,1
230,other,94a5fa19d2854983a119b2d60fc533ba.jpg,25
231,325cdb0bf6694d879a0f3518178feb60,cf45c8db663a4a73ae700bbf86fd8928.jpg,2
232,other,b4a09810943c45eb8d1a09dccd86e7e2.jpg,25
233,other,b809ef47989c44ea8028a7962a3b4b85.jpg,25
234,other,70d13af8e6fe49b7ba4e1610fddd82a8.jpg,25
235,other,c965371f270c4b5db6c2619af8298ca4.jpg,25
236,other,630342c67d8c4d52963512f953600809.jpg,25
237,f75f7082d62a44e7bfd373532877c9a6,3b61f0c71340403b9859f3e0ef10d6c6.jpg,24
238,other,824d7e4614234b4d98b6f94fb510d3a0.jpg,25
239,8d1c755d31a6484686c4a98ad45ab0e7,335326e1274c4aca8a1fe98792524a74.jpg,14
240,other,f1df945fd8bd47a79f108355ed7e4cee.jpg,25
241,other,582086ea6a394d25b22cbcea07c5bec2.jpg,25
242,other,c1e50769132b4b2396b64cdadd303c52.jpg,25
243,8d1c755d31a6484686c4a98ad45ab0e7,14b184a71bd141bb9dca81076dd894c2.jpg,14
244,96ebf9d10efa4804a5580f4d55e64d38,412a7ff128bb47f0bccabffa7d03cb87.jpg,15
245,other,5308fa91a05d4623bc7acd7b774d2405.jpg,25
246,other,dd2d961a744b4e47a441fe7f1c426a72.jpg,25
247,427ee587bd854410ada20b619b186f2b,493fa07be4fa4fd2ac4393b6288f9f58.jpg,6
248,other,1eb6c26b2ec0420791968426f5180caa.jpg,25
249,other,807f157be92e419caa8e72c6ed40e9a9.jpg,25
250,23db675a000249498062844cdb31b76f,fc42a25dd4be4b1892455b76fb42a6da.jpg,1
251,other,c6434ae5a5f640c88c2920153101a4ee.jpg,25
252,325cdb0bf6694d879a0f3518178feb60,2be0cdb1f09c40308e5302b764edbe36.jpg,2
253,other,d84581db4d5b44948a54b9b61a9e0b47.jpg,25
254,other,33dd0bdc348c44c8befa7ef6510f2887.jpg,25
255,726df8d4f65f4855849925746d01f0ae,d9f1553c1ea341ae83c1bbfa86755c57.jpg,12
256,afd68eec35824484b63a730ee8a19bef,644b2294fcf6494384ccb522d6c49778.jpg,20
257,other,c1e5f24e7b46479c9550ee9b6acee582.jpg,25
258,other,afc638b60fe44a1fb2f7d3a901642b76.jpg,25
259,334b17efee804bfd82bb4189c3331ddb,13a11a4b24614be7b7cfde398ffcd9e5.jpg,3
260,other,b47610d5e75140b4a1a03ed7165476c0.jpg,25
261,f75f7082d62a44e7bfd373532877c9a6,9e063b272da24ff0b7d0b80d17bd0f13.jpg,24
262,other,1a7b1a81f81042ebb0a1c251086d031b.jpg,25
263,d94c01292d6f4fc19873234ccd85f091,fef7ea2476bb4e24a201c773fda5a9e2.jpg,22
264,9fdbdc45cb7b4e53b0efaab769f7e224,d75a09d227cc4f399faffe082984e5f9.jpg,18
265,d6367566a1dc445b87600b8c98ea5402,2758f8c2cbca44da9b0f2bb75fcdfc9b.jpg,21
266,other,f7c8545eb9a9415e8ec1e1ccfa8ef2cf.jpg,25
267,other,d95fbacd762942c3b3bba1bb1c22ec2e.jpg,25
268,726df8d4f65f4855849925746d01f0ae,287e446d343548a688fa09541ddb6fab.jpg,12
269,other,a0188177d3fb4ab5a6660ed13a3ead23.jpg,25
270,other,00de84d4673b44cf97b071e43373cbe5.jpg,25
271,other,8443c7281afc467ca60c21995d46176e.jpg,25
272,726df8d4f65f4855849925746d01f0ae,1ce1247b4b384db4b1127d02f0e3e5ec.jpg,12
273,9e3d20f8c75f4dbea6085c514c4afb48,1b658da69c7440b9bef785cc0e50cc55.jpg,17
274,other,1e72e68bf0914181a518dfeeed7ec25a.jpg,25
275,334b17efee804bfd82bb4189c3331ddb,13adbaf02dc44e31a7272df6256a7e7f.jpg,3
276,3b9ba5ab3fce43c2bca84ee29e77c203,14d99621726b47aea39c4a03f9f30bfd.jpg,4
277,other,ce73063450184076887cd30b9089060a.jpg,25
278,726df8d4f65f4855849925746d01f0ae,dbb8e60b6e16419fbb87aa839115872d.jpg,12
279,7bde72d406024ec0b7e72ca9e1edb311,baf67bb266ed4d4f967a699c3feea0fc.jpg,13
280,other,2285719685de4e1ca5bb3433ec91c35e.jpg,25
281,other,5d38bac08f97464d93f181f47063d629.jpg,25
282,afd68eec35824484b63a730ee8a19bef,c8fbe1b8f6134b5f96ae45ed95920892.jpg,20
283,other,e5786f578fc04c768ee5d651f6d7d209.jpg,25
284,160dfcfe3c4e4623a3e9c360da87891c,7b389586ea3945abb1792268295edde2.jpg,0
285,other,d8f8c8a4cb9f45b485af327f6ff59158.jpg,25
286,other,4745d604f71e49718f66ea2efcb57d52.jpg,25
287,other,ab7abdd53cf344e3b07b0795a4eb6adc.jpg,25
288,other,7307edec28e44bb39b2d735222632ac8.jpg,25
289,3b9ba5ab3fce43c2bca84ee29e77c203,d5538b5bcbdd4b3ba3f7a05495027073.jpg,4
290,other,f76615b5d472479abdafd27d0a0fa35a.jpg,25
291,other,3af3dde421054d5db8bd81ad640db24a.jpg,25
292,other,6de4cee8fa7d4d6aae33ccd4a1b5857b.jpg,25
293,other,987a27557098430dad630b560ce7151f.jpg,25
294,7bde72d406024ec0b7e72ca9e1edb311,bb44bbe7606b41659d8826a566a7036a.jpg,13
295,other,e23270a85b53468fa363a0d330c910a2.jpg,25
296,427ee587bd854410ada20b619b186f2b,b46f2b952f5147acad64a5f1c3ede98a.jpg,6
297,other,6d2bed9eb30a4ee1b522f288940a4949.jpg,25
298,other,9234992afe9c477c9d720c91f20c4195.jpg,25
299,other,b59c49462bf749cab686a3be502670bf.jpg,25
300,other,24675f4cd2e34c81b5860a0b4cbd75f5.jpg,25
301,other,2d95899e86a54e5696dd5513960e91a6.jpg,25
302,other,203cbbc06988435bbc40ad50cba60ffe.jpg,25
303,other,8fe087b0bc23424ca522a0787e951e27.jpg,25
304,other,2e536fca98974bd39e94ccde1c4c3d08.jpg,25
305,6b9c4d2192c74d82bbe02d52c5b1e007,ca2724892cf446818660e0a9a74af95b.jpg,11
306,980f8122f0db49cc94eef626826f3614,741c968cb4cf4e3c8d6d055bda493d83.jpg,16
307,f75f7082d62a44e7bfd373532877c9a6,64e55aa559b64409af69321d2abf690f.jpg,24
308,other,62d17b56237e4f7a81c6e27e10c1f673.jpg,25
309,other,20c019384c124300939c011c29fcd91b.jpg,25
310,325cdb0bf6694d879a0f3518178feb60,8712287ac8954a23aabdc4da231f6099.jpg,2
311,other,8897a7b084b646f2b8a21ff59cc3d983.jpg,25
312,other,de731ac06c794555a61001e9a59aeea1.jpg,25
313,f75f7082d62a44e7bfd373532877c9a6,3cbe3279c96848aa8bf24cb54e9de861.jpg,24
314,other,5a768942e4c1439c8b6c36fb2b8bc216.jpg,25
315,other,fd1eb98021464ac6b9bb0bcc1a3d283d.jpg,25
316,8d1c755d31a6484686c4a98ad45ab0e7,b38566ce7f454d20a962611a0fd43143.jpg,14
317,f75f7082d62a44e7bfd373532877c9a6,003e4f79084c425eabb579482388820a.jpg,24
318,3b9ba5ab3fce43c2bca84ee29e77c203,ba34e00686d6441ba63a493a144a7b91.jpg,4
319,499c8686053d47ca8395c4f5b7780bd0,816c28070a93433ba059ed17ea9631c3.jpg,7
320,other,7333837cc1764244804774618b1f4af7.jpg,25
321,other,3f8f5ea464654d3083ed6a8f7db8e1ae.jpg,25
322,other,be9c7bb1d7e54dcea592e78f60fda72a.jpg,25
323,other,bfaac4847f2a4ad6bfa4856f3205697c.jpg,25
324,552656baa25848009b9eff3dfbedd15c,7628903018e545ada45ee9e8dd8eaf35.jpg,8
325,552656baa25848009b9eff3dfbedd15c,aa2c9f9546574251a169f6212eae2cf5.jpg,8
326,other,2bc42bf47bd242d9b04bdda5cc5203f7.jpg,25
327,other,719ceb7870ed45aea91b8a08308b16e0.jpg,25
328,other,0a9dd3ee5c014c48843114f5a32f88f0.jpg,25
329,other,143a7ab89d93411ebc845717dccd56e7.jpg,25
330,d94c01292d6f4fc19873234ccd85f091,0d24ff9503a4481c86236384826733f2.jpg,22
331,other,74475d246a8346e1af55f7e33927c68e.jpg,25
332,other,79e759d40be74c069b76331d3780a10d.jpg,25
333,other,c24be4185ba848188a5e86e9875e3709.jpg,25
334,670eb7df1cf54be09e18bc13496a50f1,9ad8f43ac8684c8595daadd3e3f74646.jpg,9
335,other,be656c21be8646e8a573618cd01439aa.jpg,25
336,726df8d4f65f4855849925746d01f0ae,e70f74ec70194d1da5908f744ee38466.jpg,12
337,670eb7df1cf54be09e18bc13496a50f1,ffe9377cfd234afebb7c5c50c83fdf1f.jpg,9
338,other,8414e306258349148fc48a9aae7036dd.jpg,25
339,other,ae14ca3344ed46c693da0b4ac1393219.jpg,25
340,other,ad1e51a8ed144df79be1e3fefab647ce.jpg,25
341,other,2eafe4016f9444c68cb3e94ce16dd52e.jpg,25
342,334b17efee804bfd82bb4189c3331ddb,c1999090fbba4dfa8e58b0cc6a0a7acf.jpg,3
343,3b9ba5ab3fce43c2bca84ee29e77c203,bd66bd7d42cc4d1aaf0908f9712635e8.jpg,4
344,other,39a7331ea985496aafb3ab846b804309.jpg,25
345,other,3a44a69abc154de59d4d2426f8adf14a.jpg,25
346,334b17efee804bfd82bb4189c3331ddb,0dfa00218e0e44cb904efcb1bf76faae.jpg,3
347,other,d31d57bcbdce4ff4903ab3ef23aed5e8.jpg,25
348,other,2b736de1e4154615a48f41f0562557d0.jpg,25
349,other,a09d5ce773b74d1884cf2141241b9e38.jpg,25
350,other,1dd1ccc7d1d44d3f9d1b221f693714a8.jpg,25
351,499c8686053d47ca8395c4f5b7780bd0,c5055a7dbb854cb7894a1c92132119db.jpg,7
352,other,e3629b5ceb3e4cc18b7e0b08d14f0c0d.jpg,25
353,other,3c2ad926934845f789649e2311ce3dbb.jpg,25
354,other,de45ad909f8e47e79c39d0309a9eb6e6.jpg,25
355,other,ce0e782898a641d58885092aa689fdfe.jpg,25
356,23db675a000249498062844cdb31b76f,8b0af09ae8bc4fdb955e4794b759c786.jpg,1
357,other,ef037e1099374a08ba458b6df30d8487.jpg,25
358,other,53bb6eab97f547ec9e63363a2cb0bd98.jpg,25
359,other,97baf17f2fa34a469c4521bb0eff52f9.jpg,25
360,427ee587bd854410ada20b619b186f2b,738af72b24d44618a9d8bdd3273b00d3.jpg,6
361,other,41358006bbf342a38544204e7af29f5d.jpg,25
362,other,bab604b9dc304cdb924e043b1b40f15f.jpg,25
363,d9d0792cefa74c55bdef834be6d34653,ff46a3be3c5c407d825fb67b203ab9ae.jpg,23
364,670eb7df1cf54be09e18bc13496a50f1,9581614ed985432788da5d62be447896.jpg,9
365,670eb7df1cf54be09e18bc13496a50f1,e83cff73d26d4eb9b3b10e702074b230.jpg,9
366,other,bf62ca3059f545c69df6cb40578b189d.jpg,25
367,f75f7082d62a44e7bfd373532877c9a6,f3e834198da94afa989fb69a3080de39.jpg,24
368,other,d359cd02196644708b917e7dc7418764.jpg,25
369,325cdb0bf6694d879a0f3518178feb60,9e97647503ee419b89dc387cf358f51f.jpg,2
370,other,e15b5778f8814c0ea39c8064c86647b5.jpg,25
371,8d1c755d31a6484686c4a98ad45ab0e7,e58278a72f0d402ebeba1419f01a210c.jpg,14
372,other,dcb4f599afbf4ccea8586d8f46a74b7b.jpg,25
373,3b9ba5ab3fce43c2bca84ee29e77c203,87fa7db6676547878fc8bef04f1b3d7e.jpg,4
374,other,390ad9ac648e4a83a5ec2a0d72d2b681.jpg,25
375,other,dc9e7f2f4c014158a2e39aa968d9ab81.jpg,25
376,3b9ba5ab3fce43c2bca84ee29e77c203,2d71acd278344cdcabaeb0bd662abdbf.jpg,4
377,427ee587bd854410ada20b619b186f2b,f87fb765cd524956804221f764edb886.jpg,6
378,d94c01292d6f4fc19873234ccd85f091,343a90c9775e4af1ac05cf108a1bd8fc.jpg,22
379,96ebf9d10efa4804a5580f4d55e64d38,3797df5a00344b8bb93730bed4edba23.jpg,15
380,d94c01292d6f4fc19873234ccd85f091,dec8e3c5d595432684e76fe98b5a20c3.jpg,22
381,other,ef253f39519c40b090ba778c54a14887.jpg,25
382,other,7ee04e1de5054f2d86e2854d32c1dae3.jpg,25
383,other,f42e89e8f6e24ccfaf669d82812d0719.jpg,25
384,other,5d4dc5e3e19647fe986a8dfae22aae7d.jpg,25
385,other,0e80f179c10746c6ba41db057ac5e2bc.jpg,25
386,other,f5f96c7fd72d458a83cc796e3208d6da.jpg,25
387,670eb7df1cf54be09e18bc13496a50f1,f60dfccd774e4046913312c319613792.jpg,9
388,other,d4475fbdb3c94d01841188c2b29431ce.jpg,25
389,499c8686053d47ca8395c4f5b7780bd0,509b677142ba4ee7ba7dee9d1bac393d.jpg,7
390,499c8686053d47ca8395c4f5b7780bd0,df0292929eff4c12ae0dec2588a13f27.jpg,7
391,other,42a5ec13c373492e90430a083ac097c7.jpg,25
392,other,a5769281d5d14fee9f1745f69fdcd1ba.jpg,25
393,8d1c755d31a6484686c4a98ad45ab0e7,3f7b6743bd2444b697dfcde98ea8ea05.jpg,14
394,other,5090e243394b4c41a5e1d1e3229f4cac.jpg,25
395,other,103ca536144c43b6bb9d37c74f8ffc0c.jpg,25
396,334b17efee804bfd82bb4189c3331ddb,12bc71d49680410daf0017281d8bd004.jpg,3
397,f75f7082d62a44e7bfd373532877c9a6,5e4fdf7d60b042d8ae5ab2487e71797d.jpg,24
398,other,43f741dba0424453b7210de3837bd95d.jpg,25
399,other,50baa4cc91d7402cb01213b096961d64.jpg,25
400,9fdbdc45cb7b4e53b0efaab769f7e224,0a184e3844b0470c96d737987497fb43.jpg,18
401,980f8122f0db49cc94eef626826f3614,a861b4ab962c4134abb4e4a22a875855.jpg,16
402,499c8686053d47ca8395c4f5b7780bd0,5e067f7f88e044b296fd5ad626761fda.jpg,7
403,980f8122f0db49cc94eef626826f3614,0714b2165b944578a3bedacda852abba.jpg,16
404,other,7dd1c0f9545c40518e333f5961079eda.jpg,25
405,other,b80599975c0440949d49c80e647430e2.jpg,25
406,334b17efee804bfd82bb4189c3331ddb,4bde3487693343aaa93bdf592ebd723d.jpg,3
407,726df8d4f65f4855849925746d01f0ae,57572804003b435e9c85f21f2e0b2281.jpg,12
408,9fdbdc45cb7b4e53b0efaab769f7e224,deed25fb5e3e43b8bbeb08cf67d7238d.jpg,18
409,980f8122f0db49cc94eef626826f3614,8d176c51c1a644e69e8043332d3c272b.jpg,16
410,other,6f34f2066b5249daa2e860723f37771c.jpg,25
411,other,0933a13086e24ad197e7290f771e0462.jpg,25
412,other,1e08e4a53f5a404b9d423125cead042e.jpg,25
413,other,f994968911a542cb8330f17b6431e312.jpg,25
414,other,985411df5ebc437587ba1c8936c5e396.jpg,25
415,other,904df07e9d084edfbef9b58ae0ad7c1a.jpg,25
416,other,ec35006c95bc443e9c1e313c53924aef.jpg,25
417,other,81c90d4bd0034506af33957d1d37efc3.jpg,25
418,f75f7082d62a44e7bfd373532877c9a6,b2a5f3d1b96e43ffa1fa1a288f96cf48.jpg,24
419,other,0539895a8c854f95bd21c2e671786e4d.jpg,25
420,other,98e7e2748dba42dc84bc7966300c4ec3.jpg,25
421,other,f320025227a04946b0b2970dffedbafe.jpg,25
422,d94c01292d6f4fc19873234ccd85f091,70f65f68b45344cda33a2b2386aa5d3d.jpg,22
423,325cdb0bf6694d879a0f3518178feb60,18bdfdcb6c6b41d7b2137067253837b5.jpg,2
424,other,cfafb236d6b24617857fb975ff9ac1cd.jpg,25
425,7bde72d406024ec0b7e72ca9e1edb311,885aaa7563714ec2be45dcd3484cf190.jpg,13
426,a1a79389069f4ddd86bfbdec7078ed02,fa16ba5e60de461c8ab813f9126f0ac2.jpg,19
427,other,dddb210d8c5d45cea9ead6e2b5b8c8b4.jpg,25
428,other,d3c75a1e588c461c93963c94dd4ae83a.jpg,25
429,other,e6f77a72f9b84220b796f74cd37097f6.jpg,25
430,other,456201c0be194d71ab5916a6992665bb.jpg,25
431,other,733ef68df8624401a382e42ad5a396a2.jpg,25
432,670eb7df1cf54be09e18bc13496a50f1,06cc551ff7b34ea7a0eef0e89bc22b01.jpg,9
433,7bde72d406024ec0b7e72ca9e1edb311,489e710e333c4504a02cc3d59373eeca.jpg,13
434,other,f1cb039c562b436081729c1adbc794f1.jpg,25
435,other,1947a5a82e2b43608e899b6aa1c22820.jpg,25
436,other,7573057ca5854eb2832dcaf195ff99bb.jpg,25
437,other,a905e9a02bb247f99bc70d61426586a5.jpg,25
438,other,441dbe5353624382826abd521d85d469.jpg,25
439,3b9ba5ab3fce43c2bca84ee29e77c203,61e99623ae06469c8dcd81c388e92cee.jpg,4
440,other,02b7ff0990b54057848801f062dff6c8.jpg,25
441,96ebf9d10efa4804a5580f4d55e64d38,45ef4876c80e4284b5cc04a332ebf196.jpg,15
442,other,93bb8bf752c1468eb55e65a3f1bf478b.jpg,25
443,d6367566a1dc445b87600b8c98ea5402,275cafede27a40de9ea9a01fd1185dbe.jpg,21
444,427ee587bd854410ada20b619b186f2b,bac8a9d4aa6e4d6480d1825f2c67fb75.jpg,6
445,d9d0792cefa74c55bdef834be6d34653,a5bd9d4508f94dd7ab3574bf54700c13.jpg,23
446,other,019aab51505447e8a244f342ceaed512.jpg,25
447,other,e481a92f78f543c3b73f30a2c243b91f.jpg,25
448,other,86472b0032074cceb7870893d69c26fd.jpg,25
449,9fdbdc45cb7b4e53b0efaab769f7e224,6535d760d64f4b6a8408943727dd7868.jpg,18
450,other,4943884054a8444c83013d7b1549cf82.jpg,25
451,other,32d34feea2c14e39a7d6be60a55bd76f.jpg,25
452,other,1c013282f2c4459ea68377953e3a8c8b.jpg,25
453,other,85aa325be9b141e6b72ace1e1ad6269b.jpg,25
454,other,1be49eb4268d4da0b1557b280ae474fa.jpg,25
455,other,c254d9b511b149239777eb19c6ccf32b.jpg,25
456,other,3c62bc9fabc94897a6e160259504dd90.jpg,25
457,other,17b6bc02a9034e7ab522e6523a776488.jpg,25
458,other,5bc3c096da3248b4971ca22fe0e3cbac.jpg,25
459,3b9ba5ab3fce43c2bca84ee29e77c203,70bf01a13e414853b74d7c115bcafaef.jpg,4
460,3b9ba5ab3fce43c2bca84ee29e77c203,930f0a648fe84037b553098edafe2654.jpg,4
461,other,2b77ad00c4bf4013bc479bfb9f87a794.jpg,25
462,726df8d4f65f4855849925746d01f0ae,6ccf5d41b4f2456f8916821df6a800f8.jpg,12
463,other,a2a27dde023145f9aed4d62f61d37c2a.jpg,25
464,other,cfc98f714ef74837b7e57906b46d89c9.jpg,25
465,other,925c99e823814cf09e9a9dec284a7c20.jpg,25
466,other,2cb155986941430b95a743c47e557005.jpg,25
467,other,4a9f92c9c7b8485aaf458a90a14b07fa.jpg,25
468,d6367566a1dc445b87600b8c98ea5402,79d4518f21f14466a6c19fb867cdac57.jpg,21
469,other,dd3be4cb7a7a466db8bf6c3a15da6643.jpg,25
470,d94c01292d6f4fc19873234ccd85f091,1a11d65b8fbb4f11927336396bfb0c19.jpg,22
471,980f8122f0db49cc94eef626826f3614,b23aee53c9c1447e88c9c0f8f51dbef9.jpg,16
472,other,0aeca8a038a24d26bc0803bac4708eb9.jpg,25
473,other,cc1b02880a364a16b85eb1c8c3da04ef.jpg,25
474,other,479cdf8a9e9f4a648fb1ca04356e8c38.jpg,25
475,23db675a000249498062844cdb31b76f,83fb6c428c47419bae0e76fb519a37d3.jpg,1
476,other,be14e8c1d7444cdd9567a003ccc09e88.jpg,25
477,499c8686053d47ca8395c4f5b7780bd0,4911d5ec15404d0bb82c87c1cd9369ef.jpg,7
478,other,6071eae08f3043e88a49b997c66e4cec.jpg,25
479,other,5fcb53226d0e4a049b5e1c764d6d1f73.jpg,25
480,403446096ccf434f9e096b8291c40ac9,9c10d8e1af084ed699cd7c5fdbd3710e.jpg,5
481,other,bdb25ea06d3546feac7cb0c81bddf401.jpg,25
482,other,b9e68aeaa6354a699a13b7f968adb64c.jpg,25
483,other,bbe217340cbe49a78cb9de8f2e4ad46f.jpg,25
484,3b9ba5ab3fce43c2bca84ee29e77c203,d3cd875fa2c04ae0b5040d9035fdac86.jpg,4
485,other,f9f70bc92df347b69449bbbf9da7b5ec.jpg,25
486,other,49dbbb7fb0bd4d2394566b4073d65fef.jpg,25
487,980f8122f0db49cc94eef626826f3614,8028734501484edbaf42998238dbd559.jpg,16
488,other,b59e62d367d8496896f7a8616a19ccf6.jpg,25
489,other,eb3010c289b84f39be4ea840f57c03e7.jpg,25
490,670eb7df1cf54be09e18bc13496a50f1,eab189cd6cff47a1ab410e4bac44ab92.jpg,9
491,other,bac5fcd0efdc435484994b053a9ec0d1.jpg,25
492,other,6cba25b06fa348ef89308ed3141433b5.jpg,25
493,3b9ba5ab3fce43c2bca84ee29e77c203,fde80d12041e41df834475eb78f3cd26.jpg,4
494,other,decabdb5cd694521bb887324207f0507.jpg,25
495,other,31a8040b74864d9f9de0b0740e3b747e.jpg,25
496,other,f246e005e22048a093658a33c25141fb.jpg,25
497,7bde72d406024ec0b7e72ca9e1edb311,13c8089e3d934839960d408d254d7263.jpg,13
498,other,b8b93eeb8c63478a85ea6b34b65fe7e6.jpg,25
499,other,f02efe7129b84e2e9ba35715ded83902.jpg,25
500,other,f6728551b30d456d94f7a70d4ea074c0.jpg,25
501,3b9ba5ab3fce43c2bca84ee29e77c203,a8d2ecf60fdd49638934de0768b026a3.jpg,4
502,a1a79389069f4ddd86bfbdec7078ed02,f892326a996648b2b7ac321c0f268c9f.jpg,19
503,334b17efee804bfd82bb4189c3331ddb,4cc00b7c1b2746b7b4a5f9fd93c80aba.jpg,3
504,499c8686053d47ca8395c4f5b7780bd0,2fc4271b7f7e4757a8e3c5406f41b5cc.jpg,7
505,other,bb38fad5587848c482c0a0f1ece43863.jpg,25
506,other,1bbff46fcbe94506bc0275b776962a0a.jpg,25
507,other,87a071cfc26d4d859476e1a3c9cb203b.jpg,25
508,other,d96a5f209cbb48a8814f0825fbcd9fa4.jpg,25
509,other,aa0b4ef7746846b2aeb3f10d2f1abdc3.jpg,25
510,other,ea266559ff3d41d18704a7e7adce6510.jpg,25
511,a1a79389069f4ddd86bfbdec7078ed02,a222c8342ca94ff5825763f4dcea7ce4.jpg,19
512,other,903a4ffbfb944419ad64f47956472522.jpg,25
513,other,8de177e0be644a9e84647d6dd3e6f316.jpg,25
514,other,a4aa8a5f407043529eaf716faa399bab.jpg,25
515,other,c1f079e2cb314451a662cc5f221c5fce.jpg,25
516,other,02bfed124bed463b971a13fe83d27d3b.jpg,25
517,other,1121e074685b4237a7853c6045c47240.jpg,25
518,other,f7111eb0c0f44c109fe15407a81ba817.jpg,25
519,other,b057dea9038b4709a4dd65d9837e47af.jpg,25
520,a1a79389069f4ddd86bfbdec7078ed02,78d261a89d554e558acec2199c6f6fa4.jpg,19
521,6b9c4d2192c74d82bbe02d52c5b1e007,d6df24b0733b4c7c98ee94bb581a19e9.jpg,11
522,670eb7df1cf54be09e18bc13496a50f1,c52d5cf572d545e191217f1d942e1807.jpg,9
523,other,1d557c81633e4ba79005e6d44cf3c7b3.jpg,25
524,other,6c09a40253a94d01bb84d630cc24f519.jpg,25
525,other,f7da74dd8cfa48f283d28658a96e6237.jpg,25
526,d9d0792cefa74c55bdef834be6d34653,f1ae6001397a4df88c26683d29923b11.jpg,23
527,other,929cf7f9ca434a438730ee33f4c77960.jpg,25
528,499c8686053d47ca8395c4f5b7780bd0,b993ef641d14438a9deac0c4326a8909.jpg,7
529,d94c01292d6f4fc19873234ccd85f091,82564019c72d4ecb82f23d5186aa16f5.jpg,22
530,160dfcfe3c4e4623a3e9c360da87891c,cc7ff853f66b4662a68aed039d35ce40.jpg,0
531,other,53132466c54f43ef99756f2fde432bf4.jpg,25
532,other,98c24164916040f091bd52062639d7f6.jpg,25
533,a1a79389069f4ddd86bfbdec7078ed02,b293bce8ec4e453095c4177382673f6d.jpg,19
534,f75f7082d62a44e7bfd373532877c9a6,70fea8704e1e4d84a4e3a46b03715992.jpg,24
535,552656baa25848009b9eff3dfbedd15c,323a077e44a7496e9f84aadd150fbe5a.jpg,8
536,9fdbdc45cb7b4e53b0efaab769f7e224,02fc1b71531b46d2bf11798e5f85d7b0.jpg,18
537,other,290269e8fe5c46bab4bb47338ee1bc8e.jpg,25
538,68b0cc47f2034ec98a3db6bf8b9df8e5,d07e1208a25e4057bc27ab4ebac86248.jpg,10
539,other,b867cbbfb50848f79024f06baf3774d1.jpg,25
540,other,60d6197e128f4e3a8d9930c05c03cbce.jpg,25
541,68b0cc47f2034ec98a3db6bf8b9df8e5,71a84862bba8468498b8a53e1979959b.jpg,10
542,other,27d6d774922f47a186ef8a91511f6c88.jpg,25
543,other,301ec096ae934482aa89e3a9bfb42cd7.jpg,25
544,68b0cc47f2034ec98a3db6bf8b9df8e5,668ea10897e744f69e3baf9d744921a2.jpg,10
545,other,ad0290852d2f460d9917b3b5dc47580c.jpg,25
546,7bde72d406024ec0b7e72ca9e1edb311,fa6118e0603c4b3da0b411af6a2e4c06.jpg,13
547,499c8686053d47ca8395c4f5b7780bd0,3d4a63f8e34b499a8f5af0c1c88705b8.jpg,7
548,other,97ae8599c9884ae39cb4facba75c759c.jpg,25
549,other,59ca281d49fe47e3a34ccc20746dbdd1.jpg,25
550,other,bdd47e9955c14786bc4e477635eca247.jpg,25
551,other,6cb615d15dc345a999163abb018fdb41.jpg,25
552,other,d6bb7edc5fe8446bae64217de5da6a14.jpg,25
553,other,c207bee2fa3a4f86b44430fd46b3a761.jpg,25
554,other,c8b6083568394520b4ee32d011c7d98c.jpg,25
555,670eb7df1cf54be09e18bc13496a50f1,688880ab53a441b6bf2be622a9feb2fe.jpg,9
556,other,f5c02a11429c4a319e0f932f54342b1d.jpg,25
557,other,b944824bc37e4118b5617e450f284e09.jpg,25
558,726df8d4f65f4855849925746d01f0ae,9f02b342aaf447b3803c0722ecdea9d1.jpg,12
559,other,e95835475a94440cabc53a2ee10289bd.jpg,25
560,499c8686053d47ca8395c4f5b7780bd0,4950aa32bd8740a5a45f1117400c1533.jpg,7
561,160dfcfe3c4e4623a3e9c360da87891c,4ada914a82bb492491b2eb692714670a.jpg,0
562,9e3d20f8c75f4dbea6085c514c4afb48,9e79476ccccb41a8ba905db141874dc8.jpg,17
563,other,6eb60110ee1c471bacb3683e789943c9.jpg,25
564,other,688b1092d4e44ba49283cb8b17ac58a4.jpg,25
565,other,470168bfae5a49cbb08963c5c0278fed.jpg,25
566,other,0059b6ef30944cabaee64f724b5425e3.jpg,25
567,other,de61ea67a98e41aaa8a236a352d4a79e.jpg,25
568,f75f7082d62a44e7bfd373532877c9a6,e59b32918a4440099d3de28efe3f6653.jpg,24
569,670eb7df1cf54be09e18bc13496a50f1,c4b92c877d1740949e368201e774cf4f.jpg,9
570,other,65be4dc123f64ca793f79241d39380e7.jpg,25
571,other,659030e149454ef4b57b309bd8ddedd1.jpg,25
572,other,7858648bb22240f193704164806521e9.jpg,25
573,670eb7df1cf54be09e18bc13496a50f1,d6af6f056f0344db85bd4ea9a3898489.jpg,9
574,726df8d4f65f4855849925746d01f0ae,5cc905a2e9fa48b2be835d2bf9bea962.jpg,12
575,427ee587bd854410ada20b619b186f2b,232adc776d1c4f669bd105db2e0f5226.jpg,6
576,499c8686053d47ca8395c4f5b7780bd0,aeb4c69086c14f7496de06118fc3f1c6.jpg,7
577,9e3d20f8c75f4dbea6085c514c4afb48,47b9b6d29dcd4169a1cb14980a6e59a6.jpg,17
578,other,b283082a650647009245b3dd7d3b1172.jpg,25
579,afd68eec35824484b63a730ee8a19bef,4367e79ec6f04432bc7778d9a4b7ede9.jpg,20
580,other,bd52d7b3930846608679739a1c54856e.jpg,25
581,980f8122f0db49cc94eef626826f3614,f0d9cadebfdf4b5bbc4dfbad13cff6aa.jpg,16
582,other,8f0f4e49f6be4801b21d086b8e937a5c.jpg,25
583,other,9cb21c39ba494416ade890665280c094.jpg,25
584,d9d0792cefa74c55bdef834be6d34653,fa80444418e84e7786662a7a60ae6624.jpg,23
585,other,f4849bcc524c43458595fac860bf663c.jpg,25
586,160dfcfe3c4e4623a3e9c360da87891c,45aa09b17fc84aa29f1431df28674656.jpg,0
587,other,427526da49dd4beaad68572a14a7d3ad.jpg,25
588,9fdbdc45cb7b4e53b0efaab769f7e224,269e542a38574e9bb0321b4fe19de3f1.jpg,18
589,other,7bb1b9cd4c7f45cc806b8497beea3f29.jpg,25
590,other,5c8d9d1e193c4714808f97e0a7b099e2.jpg,25
591,other,66a17d4dbb1b4f21af5295cf67ec74c9.jpg,25
592,other,92e5af15809640b5ac402d325fe294d5.jpg,25
593,other,eeba9ecddc5f42c3b4af073d95cff9ed.jpg,25
594,other,dd9adb1062d74da7958600608cedd07f.jpg,25
595,7bde72d406024ec0b7e72ca9e1edb311,54cb0c746f6f4b53a98ed7bd743b8f64.jpg,13
596,other,4c518e7b85fc4e37b5498b81ab1f4cb1.jpg,25
597,3b9ba5ab3fce43c2bca84ee29e77c203,9dbbc81a5b944b10aa66dff3798df40d.jpg,4
598,325cdb0bf6694d879a0f3518178feb60,1ce5afe8c94d499cadafb8ace325b70b.jpg,2
599,other,0a36d0e7d0a64e8383b7ef18c23cf449.jpg,25
600,other,f6b12a58f61045e8b3c7903e3d653310.jpg,25
601,other,489426a7e005462283c1f9b3833db58b.jpg,25
602,7bde72d406024ec0b7e72ca9e1edb311,f3716e937e4b487c89f2bc52b8e956f8.jpg,13
603,other,f477c4a542c3488e95c47c0a6c605117.jpg,25
604,other,ba56f1bfa4f342ef8deca19969eccd42.jpg,25
605,other,46b1633719de4577aab05c8c6fc500ae.jpg,25
606,other,3384b254a87245f68b5f41e226d2ebbe.jpg,25
607,other,67e861125824498d9a58faa4afc1f7a1.jpg,25
608,other,b87968a106824eec8965d027485022cb.jpg,25
609,other,3688cd3cd9da443aadb13f4922972fe0.jpg,25
610,f75f7082d62a44e7bfd373532877c9a6,a54d19b0c1024415abaeeff20c33bb3b.jpg,24
611,other,b1e95a86916f43e7934402917b313e56.jpg,25
612,d6367566a1dc445b87600b8c98ea5402,9aa85d7bf07649fda36ec779070bf8ab.jpg,21
613,other,a0d0b1b2e3bc4baa8518ebdb2e94c8c1.jpg,25
614,9fdbdc45cb7b4e53b0efaab769f7e224,05eefb6d0df04966aa835b4e6fd1efb2.jpg,18
615,other,bac90e90cdbb411db8a8668f6b8de53e.jpg,25
616,other,1389bd9c02634bd783efa1d57e26b38b.jpg,25
617,403446096ccf434f9e096b8291c40ac9,7350da30944c4c9c9e98998b34f8cdc1.jpg,5
618,other,e296e01bfe304d53bad15d88b232288f.jpg,25
619,other,e0ca6a9d8de4483caed1dad47854169e.jpg,25
620,other,bf7d36c7888d430989f7b798e8641641.jpg,25
621,other,190aec8a76414954a383ed17e9917728.jpg,25
622,8d1c755d31a6484686c4a98ad45ab0e7,2ced38abd30c4df2b91a720d43d33686.jpg,14
623,980f8122f0db49cc94eef626826f3614,c33bd308f8984420bfbc5abfd7088939.jpg,16
624,8d1c755d31a6484686c4a98ad45ab0e7,0301e0fc2478470a91119e4882c26467.jpg,14
625,6b9c4d2192c74d82bbe02d52c5b1e007,70fd6769f3754383b92de95907fbd19f.jpg,11
626,f75f7082d62a44e7bfd373532877c9a6,e84acc7ccfd047aaa4104224a44f61eb.jpg,24
627,other,9dae0e6e16974768a5928f1a10228f7e.jpg,25
628,other,6fc4042dedce492cbe9cfd0a1f11afb2.jpg,25
629,other,e61976a0bb4b48df81ec7f45fb2a7f36.jpg,25
630,other,e493fe9666524c6a925f0aebc93652cd.jpg,25
631,other,27ba9eedc9b04e16a258c51a91e03803.jpg,25
632,other,8cfd9c1556f24d51a519295292f90428.jpg,25
633,8d1c755d31a6484686c4a98ad45ab0e7,cd297e0da1d34784964cb78ff6153ab0.jpg,14
634,other,ec91a29e0aba49fdbae3afb5dc7c73cb.jpg,25
635,other,1d290d5987b84ac593ddf957d1dfc4b7.jpg,25
636,other,b1e3ca97f4a144dda8e3de7cd4d4363e.jpg,25
637,other,3da76849b9c1476dbc0dd74a49b277b2.jpg,25
638,670eb7df1cf54be09e18bc13496a50f1,1bc6eaf63f154bfcaaff9efb3c13a88d.jpg,9
639,other,dd53188801be4974a12a0e300b2c4206.jpg,25
640,other,8cef4ee7cb1e45558c3f40cfa703c5a2.jpg,25
641,d9d0792cefa74c55bdef834be6d34653,923c78adf1814ee1863e136e3e381e2b.jpg,23
642,other,693cd36653a84f2bbcfc5403d2dd0ca7.jpg,25
643,other,8c715f5cf5f5403bb3c1266ae7101e91.jpg,25
644,23db675a000249498062844cdb31b76f,4dad17d4b5784fc9b8cb911aa34f215c.jpg,1
645,670eb7df1cf54be09e18bc13496a50f1,ed03fd75c7f947278c16f03f1cfe2aee.jpg,9
646,other,be6daf94feb741598276e91d7b9ba96e.jpg,25
647,other,d85ebbf9c247429a9ad53049a0a2e538.jpg,25
648,726df8d4f65f4855849925746d01f0ae,e4fb3cd9fd6647e799f508c3dbf1dc9f.jpg,12
649,403446096ccf434f9e096b8291c40ac9,f9ca07e062514c8cb4041c7e208246f4.jpg,5
650,other,2335ef1685b14b9aa4e41cca272a4a9f.jpg,25
651,325cdb0bf6694d879a0f3518178feb60,1095509f021a48ac8381706b9e61ea28.jpg,2
652,other,d86314870b744e1b949dcdb4b9e0c39c.jpg,25
653,334b17efee804bfd82bb4189c3331ddb,0de1d340f8674816a03e05601c9978f4.jpg,3
654,a1a79389069f4ddd86bfbdec7078ed02,ef655f5f51b3414ab060ba3090b1dc54.jpg,19
655,d9d0792cefa74c55bdef834be6d34653,b3b5ac1132494657879d4a8856b6ebb6.jpg,23
656,other,2fdca47942164478907a224bacd98c91.jpg,25
657,other,2b34ee5a6b684e5db132edd963a1d4dc.jpg,25
658,a1a79389069f4ddd86bfbdec7078ed02,f5882c7febb5447db56f1b79fa2ca058.jpg,19
659,9fdbdc45cb7b4e53b0efaab769f7e224,129f9a940f10483ea55aee046dbf8de1.jpg,18
660,other,e345c12751ea4c2bb0db376883c826d1.jpg,25
661,other,47017122bec540a2833805cce4a247e2.jpg,25
662,other,6f9cbc3161f04972b263cb072a398429.jpg,25
663,other,94919ffdfb3b473fb6683473020d8e81.jpg,25
664,other,8f72000cff9b4d70b9e21d02e875ddac.jpg,25
665,other,8a4c19f2b7b84b9c938610c41529c5ee.jpg,25
666,8d1c755d31a6484686c4a98ad45ab0e7,99caef286f5c469fb3f3281508e3105a.jpg,14
667,other,c5983dc9b84f4b299d6461400e6dc2df.jpg,25
668,other,cd0531fbe12143149f4a7eda372b71f2.jpg,25
669,other,d07804c8337e4e0083e79963fe4f5070.jpg,25
670,3b9ba5ab3fce43c2bca84ee29e77c203,3bf451f91fd340d586650e9b4103a5f5.jpg,4
671,160dfcfe3c4e4623a3e9c360da87891c,1f373cbc81f647c39749b69aabca0fb4.jpg,0
672,23db675a000249498062844cdb31b76f,9e267674fb284be2ac12063c5fa51b47.jpg,1
673,499c8686053d47ca8395c4f5b7780bd0,98c44c44ae0d4ffbb81e192990c37c2e.jpg,7
674,other,ebbbbe83c8514e78943be3e107791129.jpg,25
675,other,1dc85ecd23ec428b98bd7622bfa87756.jpg,25
676,other,debb8f8e648540838f396c0807564911.jpg,25
677,afd68eec35824484b63a730ee8a19bef,776f2e5c95424a039799a7c66e624a8c.jpg,20
678,f75f7082d62a44e7bfd373532877c9a6,d3a69ebab01642479e2c8d7637ec44c3.jpg,24
679,other,3236b4f181bc4760978e94715818d8e0.jpg,25
680,other,2d28cadc1ab748c8801ee1d5492213ed.jpg,25
681,other,2af9acaa67cb418e94c0c750199844dc.jpg,25
682,other,e5dd21d6c6d8439cbf83424bf81481fb.jpg,25
683,f75f7082d62a44e7bfd373532877c9a6,7decd84644b34cd3bf8c528f07f29d24.jpg,24
684,other,a9614dcdea8d45edb812fb708f347120.jpg,25
685,427ee587bd854410ada20b619b186f2b,bf384981104c420281bc3aadb7550f4f.jpg,6
686,other,7f0300ba8ef343b2ac420299c11df922.jpg,25
687,other,e5576909c4f6432886f59f578910a306.jpg,25
688,other,1b45a7bb36d94b5296a9ae3f6eb7d27b.jpg,25
689,other,985d31ed13c8485099ca5cf7b8cf3acc.jpg,25
690,96ebf9d10efa4804a5580f4d55e64d38,63d3381c3bef4310a467bcff3393092e.jpg,15
691,f75f7082d62a44e7bfd373532877c9a6,c9ff2638af8f419c8f7b6fc17fb6a2b6.jpg,24
692,other,75c966bf34a0478793e660856b18e9a1.jpg,25
693,other,150a47b9629f41808b306a381b6658e2.jpg,25
694,other,1f15f20e78eb44fd8680bb5cc7672a18.jpg,25
695,d9d0792cefa74c55bdef834be6d34653,50a771ba68dd49b7b5beaa57d6a1e58a.jpg,23
696,3b9ba5ab3fce43c2bca84ee29e77c203,10cf4ad0259a423ca19a32a07eccd26c.jpg,4
697,160dfcfe3c4e4623a3e9c360da87891c,87a42220ac0c48fe8e593a774bba0c10.jpg,0
698,other,37ec3a23059041abab33d8de203a1dc0.jpg,25
699,afd68eec35824484b63a730ee8a19bef,67a7f7333dfe4b16951283809ab5e6f7.jpg,20
700,a1a79389069f4ddd86bfbdec7078ed02,221cb4c7559a4275801d054cff9c11dd.jpg,19
701,other,d3082d08b9f048aa973cec2a14d4ef32.jpg,25
702,427ee587bd854410ada20b619b186f2b,5de16b333be0476fa4ee7ed86dcf14c5.jpg,6
703,499c8686053d47ca8395c4f5b7780bd0,6de67332cf4743db82b3b741113c9a18.jpg,7
704,499c8686053d47ca8395c4f5b7780bd0,bfb9b4bd0ee64bf8b090d133d6725bba.jpg,7
705,other,8d4d52420d01464f807be966f1440818.jpg,25
706,403446096ccf434f9e096b8291c40ac9,d9c0c670d35248e68379229fbe2f5804.jpg,5
707,other,bfff5529226649f38783e6adb5276b24.jpg,25
708,6b9c4d2192c74d82bbe02d52c5b1e007,ad430a9714ee46d998b3f7a2dc2ceaa2.jpg,11
709,427ee587bd854410ada20b619b186f2b,3f56928c06334d23a9ad5c498b20dfca.jpg,6
710,other,97eb244581114efb8be05cd34dec84fb.jpg,25
711,427ee587bd854410ada20b619b186f2b,011cb325fd9c4426a8fbefbc84565996.jpg,6
712,other,66fb235418774e4bbc015aea0c2713ff.jpg,25
713,7bde72d406024ec0b7e72ca9e1edb311,e6b10c3146274e7ab0578b38b0d164a3.jpg,13
714,160dfcfe3c4e4623a3e9c360da87891c,6156acd421e541aaa9f7f1dce12a0fc9.jpg,0
715,other,dc56c0c4f9d64a009eebd16850bc2f0d.jpg,25
716,other,72e5a1e7738648e48460cb43ff53653f.jpg,25
717,other,3353e129ae55448481adcccc2b02c07c.jpg,25
718,other,dae3f6f3cfaa4e34ac750eadb885f5c1.jpg,25
719,other,1f000a85c14d4c5382d8ac747819028e.jpg,25
720,3b9ba5ab3fce43c2bca84ee29e77c203,0dd75e040c1744cfb81d0b3be8656b1f.jpg,4
721,a1a79389069f4ddd86bfbdec7078ed02,33809b7c88f04c5baf29d8aad5f792d3.jpg,19
722,other,ae897fb109144df98cff58a187852174.jpg,25
723,other,d0306f6acc9845ef851df6457baa4230.jpg,25
724,other,b565c425db864725b09ebef7a696ae1d.jpg,25
725,other,f3d7cbdc46e043ce88230cd1c35c093a.jpg,25
726,other,5d15f95f4b11441b88ef9a92adf50ada.jpg,25
727,other,511822c9ea534f9d9c5a0442b62c74d2.jpg,25
728,other,4799b0957e154798a75dead56b95ebe0.jpg,25
729,403446096ccf434f9e096b8291c40ac9,68f26596c8024b38b6cc6fb78000db1e.jpg,5
730,other,a06c131a465e4a258fc1d6c415d3e390.jpg,25
731,726df8d4f65f4855849925746d01f0ae,10c4d19f0fe44e69b86095bde0cc737c.jpg,12
732,other,15c1f94005334b9585ce694bb0ebe31d.jpg,25
733,other,9cf092a9f7574dcda9b9620f506e8a4f.jpg,25
734,427ee587bd854410ada20b619b186f2b,fa0e3293733243b19eb324de86cc0805.jpg,6
735,other,84bfb637e5044728b2e5132cc456d7ef.jpg,25
736,other,7304b21c982c4d66964f958beb107622.jpg,25
737,other,eb2d8e2e9a694dc6b95c7cab9a391aaa.jpg,25
738,other,05e91c2dde344748b2be2839a7e78727.jpg,25
739,670eb7df1cf54be09e18bc13496a50f1,80cefa60a2b2424fbcf649483eac9d20.jpg,9
740,other,d59f0dbb3f1e4232985e7195b9393569.jpg,25
741,other,19df611c6e12409989df0b2fc7f66ba5.jpg,25
742,f75f7082d62a44e7bfd373532877c9a6,52a3420de59f467282a54c81307df508.jpg,24
743,d94c01292d6f4fc19873234ccd85f091,9af3dc89b7b54347ab452f2b6db90985.jpg,22
744,afd68eec35824484b63a730ee8a19bef,6d1ff31f2ec04b7686974876abfe36ca.jpg,20
745,980f8122f0db49cc94eef626826f3614,2dbc6c4f54df40a99ead11ff14522420.jpg,16
746,3b9ba5ab3fce43c2bca84ee29e77c203,72c799edd3fd404c8dfca076b33ca1ba.jpg,4
747,other,7495b286ea114482beb9679d3fd99e56.jpg,25
748,other,fd5dbd0992d748d882cbdb48bc7a14d2.jpg,25
749,3b9ba5ab3fce43c2bca84ee29e77c203,0169105ef9c44675af579b2491748b5d.jpg,4
750,other,f58f5cd59acf40479fa23c2c50b539c2.jpg,25
751,other,38b228a5752e47e39195d352c3061615.jpg,25
752,d94c01292d6f4fc19873234ccd85f091,3b6224ab5b354299ab92ae3d3a6e03a3.jpg,22
753,f75f7082d62a44e7bfd373532877c9a6,f0c0db12e56047528fc0b0b9d87b2f7a.jpg,24
754,427ee587bd854410ada20b619b186f2b,4f213f76d9cb4060b90bd0758c0c4a15.jpg,6
755,other,7b00bf2edffc4ff3aa68526e4fcb3b32.jpg,25
756,other,0b3e318d0c5e494385e28cf2761af311.jpg,25
757,other,89e317fd040646799badfc0241f50575.jpg,25
758,other,dfa79c94e489417aaeeb57018f435fd4.jpg,25
759,other,4338d03d142a4fdc968581e5cc525d87.jpg,25
760,8d1c755d31a6484686c4a98ad45ab0e7,bba973d73da7479993a0462ff70d0632.jpg,14
761,980f8122f0db49cc94eef626826f3614,95784b95fd1847aea3d21f0c00d94caf.jpg,16
762,other,077cc652339f4cd499289b1235b47736.jpg,25
763,726df8d4f65f4855849925746d01f0ae,c885f4176fdf4f65afd60161ae5ed83e.jpg,12
764,other,eea58c08c02248c1b561d7044776783a.jpg,25
765,670eb7df1cf54be09e18bc13496a50f1,042d8df4fc5e484485e3041ab05f3ebe.jpg,9
766,other,bd8cd1dbf9634c9987c9468a4919de69.jpg,25
767,other,e9057ec8ce1c4119b7913d4e3b025ea9.jpg,25
768,f75f7082d62a44e7bfd373532877c9a6,829261fc36834528a7dcad9ac7d7308c.jpg,24
769,other,209eb514b72d4e25ba57d9d2e7056920.jpg,25
770,other,61d35b3f62e54847bbb7d409ee2833c0.jpg,25
771,other,da5f0111eb4746f0acf99564c06da436.jpg,25
772,other,ccefbf5c092e4ff985ff03e6c8085c9a.jpg,25
773,726df8d4f65f4855849925746d01f0ae,a82f2626b9814999a316f884188dfea6.jpg,12
774,other,ffacb5a716b548b9a24726e8691ebe90.jpg,25
775,other,bb28e6d792e44111a7c2680dbef243e8.jpg,25
776,325cdb0bf6694d879a0f3518178feb60,443de804f5b94667b81ec26345b08ef3.jpg,2
777,other,55eb76d841814ac98bfa7f56f5a1cdd2.jpg,25
778,other,328f0dc745494c26bf5e3748fdf6e0a9.jpg,25
779,a1a79389069f4ddd86bfbdec7078ed02,8cc38cffa1da4bedbda0e601fa1d34d9.jpg,19
780,other,ee9a86cce2504133a6196ce98532f52f.jpg,25
781,other,254d8736016f443bbf552f7ca1da31b4.jpg,25
782,other,a9eff5ad132b48239477d820540035fd.jpg,25
783,334b17efee804bfd82bb4189c3331ddb,33105be04aee4651a7d7d4141b9a302f.jpg,3
784,other,c78a07b29bc54b2b9185e3b7ce4c031a.jpg,25
785,other,d2baccaa8b1d4a899e8e0e3af45c7a8f.jpg,25
786,726df8d4f65f4855849925746d01f0ae,cf73e53432724ecfa7fb823ebd79fa22.jpg,12
787,other,1c88ff96f73f4ddb8f825f34592092f7.jpg,25
788,other,c1acdb966738474492877e788c8d060b.jpg,25
789,other,e9f047b4625647d283e2856456e580c5.jpg,25
790,other,73e08ab07a6f47bea92c9f8c729e9aba.jpg,25
791,other,a8d88b3295ba4fb9b6087c2131602ece.jpg,25
792,other,307654f41f33423d8d2b5356a2a8fb86.jpg,25
793,670eb7df1cf54be09e18bc13496a50f1,3643271665934ce0a2822ef84566feb0.jpg,9
794,670eb7df1cf54be09e18bc13496a50f1,6f0dd7c24c454b41828e1f444de69733.jpg,9
795,other,37c2d526d00c451a87560e15877b1678.jpg,25
796,other,e44e11ff36cb4fb4b800be0bd5e5b908.jpg,25
797,96ebf9d10efa4804a5580f4d55e64d38,e05898c601674616b55103726d88c407.jpg,15
798,other,f75ff381edb84585b9e72f81a0c7afe1.jpg,25
799,f75f7082d62a44e7bfd373532877c9a6,842dd7a8ede44178bb5e6a3f12f7161b.jpg,24
800,other,d19904ca81a246ef82b02987526d0a3a.jpg,25
801,other,c9e0e27cab5941cf9ab35ee81411d3e6.jpg,25
802,other,5a9de0d80666441da81b6a43ec9badcb.jpg,25
803,other,c7729945f7694ad1a1e9ce74d112fcf7.jpg,25
804,a1a79389069f4ddd86bfbdec7078ed02,5e91665843bb461a94b3b6df1cc158c6.jpg,19
805,23db675a000249498062844cdb31b76f,6377a978b6bb426c88526ed5f7eb6d11.jpg,1
806,other,81d1b6edaebb45f7b416661ebddc61f1.jpg,25
807,other,f4ef7fcbc1bf4596820bdbd5299cd674.jpg,25
808,other,a1ed4ba6cfe74417a8796ac93c448de1.jpg,25
809,f75f7082d62a44e7bfd373532877c9a6,075eb928960e46e0ae058f3e3e2efd4f.jpg,24
810,other,e8f0dac406e244b9b58848a841619329.jpg,25
811,other,5e9df6af3e3c4f57a9969f2402c64260.jpg,25
812,other,3ce7156c94b341dd80a69d80a1382dea.jpg,25
813,other,cce54877a10147df9b12d63eb8f113d1.jpg,25
814,3b9ba5ab3fce43c2bca84ee29e77c203,b928448505b240d2a35d23d7799cd2bb.jpg,4
815,other,b8f78da3111b4e318c5e2d5ea7a41988.jpg,25
816,499c8686053d47ca8395c4f5b7780bd0,23889e70da854fd094f82eb6a302908c.jpg,7
817,other,4394f3804db441ca86ce3248472a6c8a.jpg,25
818,3b9ba5ab3fce43c2bca84ee29e77c203,04fa29c155b840958475d1db8c405b12.jpg,4
819,670eb7df1cf54be09e18bc13496a50f1,57f496c0b89740f5bd33ce56ad7c4eee.jpg,9
820,other,c80d805a21f5494c8827065bb717953d.jpg,25
821,980f8122f0db49cc94eef626826f3614,497e9ab60c9f4efbacaef4e793d3adb6.jpg,16
822,325cdb0bf6694d879a0f3518178feb60,22025da6468943858c93e904eee09918.jpg,2
823,other,6839586707994a71b495337e6d090383.jpg,25
824,other,2af0653d19a04e1fa6e9dff9b9d118f3.jpg,25
825,other,17df214cfa4a4ec9ae04a0f127d58a0b.jpg,25
826,other,436d47aeeb8d4a078ee6875c3018793f.jpg,25
827,other,690fd6b637cd461fa2deff3ae14cfc7a.jpg,25
828,other,0a5c20c56d3e402e85700ac47e5d4160.jpg,25
829,other,bb6ed785aec245629f9e615bf677357d.jpg,25
830,other,7ef8766e669a468c8f886c8162769249.jpg,25
831,other,bec56f3021864f31979dbcc116d11f7c.jpg,25
832,other,c59158b5e4d241819d041fc2fd15b51a.jpg,25
833,other,4733d0fdfc2545bd88895152bbbe128f.jpg,25
834,3b9ba5ab3fce43c2bca84ee29e77c203,c0ab7672734348ea9af650096ceab989.jpg,4
835,other,39537b6993ba47fc847cc3019dcba3f8.jpg,25
836,325cdb0bf6694d879a0f3518178feb60,7463825498d94c418c4d732ddeb86f57.jpg,2
837,325cdb0bf6694d879a0f3518178feb60,d961c96e3dc543c09d0751c08466318d.jpg,2
838,other,1462a005f7eb40cc9dcb907e4474ee28.jpg,25
839,other,328effe2ff9441069d1e82ac12decddc.jpg,25
840,f75f7082d62a44e7bfd373532877c9a6,4c91310e5b56450082da2c5956ff1194.jpg,24
841,7bde72d406024ec0b7e72ca9e1edb311,3c387edf673e4e0db4ab2e3109f9f057.jpg,13
842,other,9af02ba79e43448e9d35d10ed90861d0.jpg,25
843,other,a8a988ad3fb940f2bf6f956edc6d7a3a.jpg,25
844,other,f49f4f66b18541048e155e3ca5e24fe7.jpg,25
845,9e3d20f8c75f4dbea6085c514c4afb48,434902fdea664407b5105befa33d5271.jpg,17
846,other,9b1d39c084834315b45499c004781fa8.jpg,25
847,other,a834306344194287b0311ed05accdbcd.jpg,25
848,980f8122f0db49cc94eef626826f3614,05b3e19fb7564b7abed46fab3b325cd3.jpg,16
849,a1a79389069f4ddd86bfbdec7078ed02,93c977fa13c144559ed732a83ca1bbd1.jpg,19
850,726df8d4f65f4855849925746d01f0ae,e2d46f1a409e4fc09caa587eb00c2c3c.jpg,12
851,other,deda0d5eda124cef897cf53d05ea774c.jpg,25
852,other,52db60fb317b4a489eed0d339e8052bf.jpg,25
853,23db675a000249498062844cdb31b76f,aef225c4c2e24e1ca8141f7c03e06c39.jpg,1
854,other,5c6f2af8b13a4c73a1b5937bd1560502.jpg,25
855,other,25c84a06da0545c1b904abb5f26ec5fa.jpg,25
856,other,5a77461bde404e148bc9980b2d59b306.jpg,25
857,other,bcf444f528d54cfd9b52db092fc841bc.jpg,25
858,6b9c4d2192c74d82bbe02d52c5b1e007,b5bacb5d2bce470f9be653f467277d48.jpg,11
859,other,9a96f651f2af407886ecc40de5b46783.jpg,25
860,other,c45bf88ec8a9470092e9e967c489fcda.jpg,25
861,8d1c755d31a6484686c4a98ad45ab0e7,9c8effe1f0cf424ba35660b63fd7c5f9.jpg,14
862,other,aef4ea82f9144f74ad941643e3134c93.jpg,25
863,other,1000987e11de4c7ea552bed67302a89c.jpg,25
864,6b9c4d2192c74d82bbe02d52c5b1e007,6f47bef43bf9445892ce4b9af43f06a8.jpg,11
865,980f8122f0db49cc94eef626826f3614,e0ea68d34592446b908bf9a07d2eda1c.jpg,16
866,other,f7dc5b2a886541088ba954c357f7d819.jpg,25
867,7bde72d406024ec0b7e72ca9e1edb311,21ac573c2c8247149ba77de1ddf0e81d.jpg,13
868,d6367566a1dc445b87600b8c98ea5402,ba85bd67a84c49d6819d8a4ff3765284.jpg,21
869,other,b29018b2067c4e08960daba440fb83b3.jpg,25
870,other,ed7a431df60a426ea20acc7b03d20e97.jpg,25
871,other,52d856ba55fd452e92ca5b180e370799.jpg,25
872,other,09e945a01df9497d8e145a84bb4bb94b.jpg,25
873,other,c2ca81263738407289969852eaa57a08.jpg,25
874,other,9caaf2b21f2f4985b0970337be1125c9.jpg,25
875,other,b225b5e54684476ea16a07c53605cb62.jpg,25
876,other,b5c3c114ec9c49b0804d101f706c6d2e.jpg,25
877,other,005f02dedd154c0889e84599e73f428f.jpg,25
878,d6367566a1dc445b87600b8c98ea5402,c19b604c4a034154b31a272d351fad37.jpg,21
879,other,57b390355d144df9b528e3d82c927662.jpg,25
880,d9d0792cefa74c55bdef834be6d34653,0463d9273d3e46749c6778127945c2cc.jpg,23
881,other,22b392e3f70a4d59b8b120381ecacc86.jpg,25
882,other,9d05242a22144018b84c2f6e37651164.jpg,25
883,other,7f05cff118ca4badb1f2ed3e1d81c94d.jpg,25
884,other,bfdae2b93b484088a2b04efcf7e8222f.jpg,25
885,7bde72d406024ec0b7e72ca9e1edb311,352a6529fafe4da7b589a493af85ad3b.jpg,13
886,d9d0792cefa74c55bdef834be6d34653,5a5eb4fd0cfe4530a39e985ba704b5da.jpg,23
887,23db675a000249498062844cdb31b76f,4043d29e75cc4aae8361e6fc86b07d95.jpg,1
888,7bde72d406024ec0b7e72ca9e1edb311,1a48e5bb26d742b3bd5b6d9a000de52f.jpg,13
889,427ee587bd854410ada20b619b186f2b,fef36922f36c48ddb8aa9ccbafa6997c.jpg,6
890,other,b9087c9c239141d8b17f2c870a980482.jpg,25
891,325cdb0bf6694d879a0f3518178feb60,c39f35ab61b249439a80d6d4e5cdd52b.jpg,2
892,other,2288dd80992e44ca9777b9624ef9797f.jpg,25
893,other,c3965f3b5275490086b4ae25730679e2.jpg,25
894,9fdbdc45cb7b4e53b0efaab769f7e224,82f02a57b3014f6e856b78a85fe057d2.jpg,18
895,other,aed3ff87b7fc4b719ec1192986718d1f.jpg,25
896,other,921256ac8aa448659135dbc248e114db.jpg,25
897,other,8cadd1bd993e416a91e7f198b70fb599.jpg,25
898,96ebf9d10efa4804a5580f4d55e64d38,4aae62a056ff42218926e1b690b15388.jpg,15
899,other,04f936a49d18476a8c298ea352a5def6.jpg,25
900,3b9ba5ab3fce43c2bca84ee29e77c203,a6605d649f714975bd0ffe8acff00111.jpg,4
901,other,799e3b5eb0f64151a587ba82913ee6c0.jpg,25
902,other,a11938d1a53a417abc68279d8dcb6332.jpg,25
903,other,5672b643e7e249d5b96847f7a8d89ddf.jpg,25
904,other,73ad6479c11448efa2a80d0a09dd9401.jpg,25
905,other,02d55a867b7e42c093bcef36192e9462.jpg,25
906,other,77c1067e42bf41d8ab5d51d73c3e0e66.jpg,25
907,other,96a84eabdc1844de861e4ac1e11dfd5b.jpg,25
908,other,5e0b27f564d549639ab85ae8e1a481b1.jpg,25
909,325cdb0bf6694d879a0f3518178feb60,c5e2cf82f00c4e07bc7f7d1a53a39f48.jpg,2
910,other,a6305fc045754b92b8114bf804170de5.jpg,25
911,other,6459b115a1b1480ea8e2a29b2c75c588.jpg,25
912,other,3507aafc8ec44a39b81308fa096e9c10.jpg,25
913,other,83317e82cbbb419cbc17bca49bdc6126.jpg,25
914,499c8686053d47ca8395c4f5b7780bd0,293c0a2e2c404c33bc0f1f7a4ca5c985.jpg,7
915,160dfcfe3c4e4623a3e9c360da87891c,edf8015445f54945aa2c3c0fea02e4fd.jpg,0
916,other,c8115a5675ee43ecadb7615dbf5e73e3.jpg,25
917,other,7328e859f90a49a5ada82fdcacb2f3e7.jpg,25
918,other,49121d6552e14de9921924c96f8e3c54.jpg,25
919,6b9c4d2192c74d82bbe02d52c5b1e007,db29eefeb2e74404ba84dc0400081f2a.jpg,11
920,d9d0792cefa74c55bdef834be6d34653,db6089f44adf40869576820dd04d20ca.jpg,23
921,other,99b96633edeb4e3e998a7a2cd272e9e5.jpg,25
922,other,20d85e3007624541a92857d8fdea4e98.jpg,25
923,d94c01292d6f4fc19873234ccd85f091,5d0e51b93da9419b9ad9c847a78a6f37.jpg,22
924,other,75f8ad53691148419967b10f94b8a429.jpg,25
925,d9d0792cefa74c55bdef834be6d34653,e4bff04bde5949d8a3ef9542ae75dab2.jpg,23
926,other,8a7436a6fdbf4dccac93e798471b8860.jpg,25
927,other,136bdff94f7b49b08f1af0bd28a4361b.jpg,25
928,other,9d65a6ec980e4308b309f3e102d58b5b.jpg,25
929,other,ad5c0b9e99eb403ea6d83f4f8671bfe5.jpg,25
930,other,937b4ec02ea74aca9e15228a032c9368.jpg,25
931,d9d0792cefa74c55bdef834be6d34653,7df52fa6d28549faa83ad43ee2b91126.jpg,23
932,403446096ccf434f9e096b8291c40ac9,f9f218f070a24380b051bf69ed54a3d0.jpg,5
933,670eb7df1cf54be09e18bc13496a50f1,ded660cc5f7941ef9342802fc527b5b2.jpg,9
934,d6367566a1dc445b87600b8c98ea5402,4b87e6f79ece4604912ea0bd0573a6fb.jpg,21
935,552656baa25848009b9eff3dfbedd15c,4d557da3590b4931bef139fa835cf816.jpg,8
936,other,d79fcf9724164edcb266b1b2301badef.jpg,25
937,96ebf9d10efa4804a5580f4d55e64d38,60851eb4c49a423b827a08cc981345fe.jpg,15
938,9fdbdc45cb7b4e53b0efaab769f7e224,e02b75924f204333948227aa956d1c1b.jpg,18
939,other,61fa357abd4346ff93d82de90c0093e4.jpg,25
940,other,eeb539ad411c4f5797f52b4c0feaaa72.jpg,25
941,other,9849fecb77404a9baa22bdc41c29123f.jpg,25
942,other,c5b44a4daa594cb9b528a116139b7a96.jpg,25
943,other,97adc351c6544ef694e1419f14e91fcb.jpg,25
944,other,c501aec3e1d843ff9333e53bd9ba4ee0.jpg,25
945,other,b66e419c144b4b6d8a8fc25440c74a02.jpg,25
946,other,3be4ebadff2543e38a79656c2a2c4f5c.jpg,25
947,427ee587bd854410ada20b619b186f2b,07176b78d93a423081e83beb8d64e70d.jpg,6
948,d94c01292d6f4fc19873234ccd85f091,419991126fa845e7965aa19b6ada3a3d.jpg,22
949,other,64a461f184244a01a6015e59da7393a1.jpg,25
950,7bde72d406024ec0b7e72ca9e1edb311,69f6272a894d4bc9aa11764ac53af4a1.jpg,13
951,a1a79389069f4ddd86bfbdec7078ed02,852576a9afa74cabbd044f6e55449bca.jpg,19
952,other,42149fbb2ce24b1cb7caee204ce434e4.jpg,25
953,427ee587bd854410ada20b619b186f2b,619a186e9abe4d1fb0d27a58abc7b3a0.jpg,6
954,other,e3477c6e9de444858364754fdfdf00f0.jpg,25
955,other,80908ad3bf9049c6a397b89e083693f9.jpg,25
956,other,7096f40ad1424aacb13d104e57e304f8.jpg,25
957,afd68eec35824484b63a730ee8a19bef,6d97418d28c647e6b75903a6a89eccaf.jpg,20
958,325cdb0bf6694d879a0f3518178feb60,dc659a9aaf494bf2a2a3766795964de2.jpg,2
959,other,2f1401f6c7734f629d27f0ff6929b32c.jpg,25
960,other,bdfeb6abcd78452184cdd1a5c1dffd3a.jpg,25
961,other,cd65da59589e4e46be9a24d0011e89d5.jpg,25
962,670eb7df1cf54be09e18bc13496a50f1,1290cecbe6804ce4bbc22c4ea7832a26.jpg,9
963,other,a257d2e1cf6146599184161f9fa8031c.jpg,25
964,8d1c755d31a6484686c4a98ad45ab0e7,e07f85cd57654e1fb5a8619175b59c5e.jpg,14
965,d6367566a1dc445b87600b8c98ea5402,3d51398d47bd4fe9804c7d59483aa2d3.jpg,21
966,325cdb0bf6694d879a0f3518178feb60,6357865d58c344129b1ca9d5c807532b.jpg,2
967,499c8686053d47ca8395c4f5b7780bd0,879ce8737d7f4c1abc4749b4ec8ca0df.jpg,7
968,other,9c9f18f422144454acdc1b37560375a6.jpg,25
969,other,39553b0ba89d419a89c80c84a5a90120.jpg,25
970,other,f22d53a6b7ee4978acf305efa7420800.jpg,25
971,96ebf9d10efa4804a5580f4d55e64d38,03699aec54bc4926bf97b209b49719f4.jpg,15
972,other,e8aed5af3b7e4032b5eb2c169677d9cc.jpg,25
973,325cdb0bf6694d879a0f3518178feb60,0cfbcf8e1e4e4a65acc80bbab0498922.jpg,2
974,other,0cd99fd94bb64334b6d8d538a8eb79d2.jpg,25
975,other,711a70ea8c904e6b8df091f4d10ceebd.jpg,25
976,670eb7df1cf54be09e18bc13496a50f1,92a048aab2b341ada27ea7da57b15220.jpg,9
977,d6367566a1dc445b87600b8c98ea5402,96c03b5ff8874b57b238c7397e9c918c.jpg,21
978,other,914471bfaf2649ed89d37c36ba2ce860.jpg,25
979,other,e661c0e127444a18ac04b5afd25fa7f8.jpg,25
980,6b9c4d2192c74d82bbe02d52c5b1e007,f8f9e39e35634e838484c649760217f6.jpg,11
981,other,fdc7a49476d54ad6b0747613b6c52f06.jpg,25
982,other,cf15f2928e9f4e5ca6315c248e745911.jpg,25
983,other,22b2b6e37a9a435799e8a7be4a62a3ab.jpg,25
984,afd68eec35824484b63a730ee8a19bef,e5a6f79b5e0d4b66a33613ab021b88a0.jpg,20
985,other,8731c87ab28747029e0465a99a854a34.jpg,25
986,other,bec403799fdb469e91b8a122edf94e40.jpg,25
987,980f8122f0db49cc94eef626826f3614,22c434f8582a4d98b6d8620a504cf39b.jpg,16
988,other,f7175528a9b7482ea0bd48e11daffcf7.jpg,25
989,d9d0792cefa74c55bdef834be6d34653,916cf018f7f54af0a9a6ab8e7680a8cc.jpg,23
990,other,f1ea62340eff4d569110a20469a67ae0.jpg,25
991,other,2fbcf7f0dc454a24b0345a5e7a6a8c83.jpg,25
992,d6367566a1dc445b87600b8c98ea5402,b9f00f8dfb5a49978147e56e286b9f76.jpg,21
993,403446096ccf434f9e096b8291c40ac9,d818234d92f045f3922be30fdf4f485f.jpg,5
994,other,f7768f9729bd4f1bb3dac71e768c4cf6.jpg,25
995,499c8686053d47ca8395c4f5b7780bd0,87b9399fdff643b296694834fe0f4eb7.jpg,7
996,other,d7596efc1adb4625aa454c2ab090139f.jpg,25
997,other,9d2f9d3a214747d4b12e6fcf0f0588ff.jpg,25
998,670eb7df1cf54be09e18bc13496a50f1,e56aadc416a6471a86413c6ac1ee0c47.jpg,9
999,other,fdec76a25c464b1aad87c1ce5efd2cb1.jpg,25
1000,7bde72d406024ec0b7e72ca9e1edb311,1e3ba80f84074a758fc1bb1c3def491f.jpg,13
1001,552656baa25848009b9eff3dfbedd15c,6f521faeff2445298ad20b8816fdd61c.jpg,8
1002,3b9ba5ab3fce43c2bca84ee29e77c203,2142ff0a06cf45ae8eca9119dd091df9.jpg,4
1003,other,08a091864b4846a2897f3505e28da1d4.jpg,25
1004,other,93aff292ead5409694a8c54298378df7.jpg,25
1005,other,359d0e83f4304b2db07dc5f0ce37d22c.jpg,25
1006,other,4cc9d32319424daaa7986989ae185cfa.jpg,25
1007,other,5562a182c0ba4c2e880093c0aefe4960.jpg,25
1008,other,b12191878fd148e4997bac707433187f.jpg,25
1009,other,89b59e003e90469f8842fd37463ef040.jpg,25
1010,other,decf4310a91347a7bb52fe993d4f2be2.jpg,25
1011,23db675a000249498062844cdb31b76f,c8a8e5a25b854eb4af6ddd9ce192608c.jpg,1
1012,403446096ccf434f9e096b8291c40ac9,c216164559c540ec93f96ab83d17b6c1.jpg,5
1013,other,eec9b9a2ca0c499582233e20f2c71702.jpg,25
1014,other,64776b0a77734adca601be35b8fcfb92.jpg,25
1015,other,b51b2993080f45b1bc62d2ce052fbd40.jpg,25
1016,334b17efee804bfd82bb4189c3331ddb,3f18414c699e4967aa5814560f99fe1b.jpg,3
1017,334b17efee804bfd82bb4189c3331ddb,e969c58391cc441283b03d9b9e9b6f9a.jpg,3
1018,other,8de1db1565014e20b4bd0771776d5427.jpg,25
1019,other,23c9e5d3503244b28516251be0f5d127.jpg,25
1020,other,ab2a27fd33bb46888c68fe6490f03147.jpg,25
1021,other,5f7cb998b8e147448e52881ca00c63c8.jpg,25
1022,96ebf9d10efa4804a5580f4d55e64d38,22526d6a0e084059859cdf75c9be2e5f.jpg,15
1023,other,d2e9848717d747c78ef44f3217cfc65f.jpg,25
1024,other,4ba67f06264f415caa8755fbc4d09642.jpg,25
1025,other,c485eb8c49da41ec819f7efd754a752b.jpg,25
1026,7bde72d406024ec0b7e72ca9e1edb311,98a862eb51df4db6a4456b007be31723.jpg,13
1027,other,f4f90dd94405430dae3c35e6cda27c66.jpg,25
1028,other,3219843693c644c2bc4ae6f51d3b2bec.jpg,25
1029,other,2957fe92d6494f05a961afc60974dc35.jpg,25
1030,other,467061ecc50f4088a8972c72285d462c.jpg,25
1031,other,a9ab86ae0b8b436f8fd8977a15929501.jpg,25
1032,7bde72d406024ec0b7e72ca9e1edb311,bc2afc1e8fb24ae3ab03b8a767c72169.jpg,13
1033,160dfcfe3c4e4623a3e9c360da87891c,9cc6d38b789a4496bfe21839061db980.jpg,0
1034,other,88bd1550aa8045b79f17c8fc94bf2448.jpg,25
1035,other,4f28b21ee9b44d4c9c509196dfd7c24e.jpg,25
1036,other,e80657a8b59d43d5834435692d563580.jpg,25
1037,3b9ba5ab3fce43c2bca84ee29e77c203,f32b054e7b6846679495226436204d33.jpg,4
1038,6b9c4d2192c74d82bbe02d52c5b1e007,b50a771b484c498090fc50f47bdaa75c.jpg,11
1039,other,dd1be6ff0f4a4f2a9aa6d2d8582b1528.jpg,25
1040,other,822a355e011e49a98aa30cd261ab5687.jpg,25
1041,other,19549bf1c9dc4a7b85c70c166c716179.jpg,25
1042,other,1287c37615614e069a88e187dc1173b8.jpg,25
1043,other,feb90d16d98547c1b02a02412623bdb8.jpg,25
1044,other,530f818df23b4420a938a8591708e13f.jpg,25
1045,other,5a57896b7f554c6c910b7acc642d53b9.jpg,25
1046,9fdbdc45cb7b4e53b0efaab769f7e224,e172fdb2b21344c2a4e0d61fea00bd88.jpg,18
1047,552656baa25848009b9eff3dfbedd15c,071f410a03d149a8a4ff075fdab61812.jpg,8
1048,d6367566a1dc445b87600b8c98ea5402,7556952209074834bcae93896028fcb1.jpg,21
1049,f75f7082d62a44e7bfd373532877c9a6,c531e1218e994a1e997341aca7b08606.jpg,24
1050,160dfcfe3c4e4623a3e9c360da87891c,ace179e057dc4bcb812bf336e047a662.jpg,0
1051,other,bb55216c24ec43b4b312fd3851ba551c.jpg,25
1052,f75f7082d62a44e7bfd373532877c9a6,9bb07b5afaa84c408b5e3d9e387a6ac5.jpg,24
1053,d94c01292d6f4fc19873234ccd85f091,a6406482fe3e4735b450b91bd3193134.jpg,22
1054,other,5fedfc8898d140c680b35394da892ec6.jpg,25
1055,other,30273840620a4c93a5fe2ee2290323aa.jpg,25
1056,980f8122f0db49cc94eef626826f3614,a592d289562e49da95e8f1b5b6ecaccc.jpg,16
1057,f75f7082d62a44e7bfd373532877c9a6,d02c296097e64ef1b74f63898a5bd83e.jpg,24
1058,980f8122f0db49cc94eef626826f3614,c0502ffd36b94ce98fc64f08c86a5926.jpg,16
1059,other,a22bfafe553b4b8b9fbab5ce6b3f6636.jpg,25
1060,other,95bd8ddf14604c2891ed171f2d164c45.jpg,25
1061,8d1c755d31a6484686c4a98ad45ab0e7,302e2d687900422880ef1fd36285f49d.jpg,14
1062,afd68eec35824484b63a730ee8a19bef,84dd653dc933401689c710d60f8f216d.jpg,20
1063,other,a370139cb62f44fb8ba0557206fb8b3a.jpg,25
